{
  "timestamp": "2025-07-31T00:21:16.146Z",
  "platform": {
    "gpu": "RTX 4070",
    "cpu": "win32",
    "node": "v20.11.1"
  },
  "results": [
    {
      "quality": "low",
      "passed": true,
      "fps": {
        "mean": 626.064308682921,
        "min": 626.0643086829199,
        "p95": 626.0643086829199
      },
      "frameTimes": {
        "mean": 1.597280001640317,
        "p95": 1.59728000164032,
        "p99": 1.59728000164032
      },
      "stages": {
        "wavefield": 0.4791840004920966,
        "propagation": 0.6389120006561272,
        "viewSynthesis": 0.3194560003280636
      }
    },
    {
      "quality": "medium",
      "passed": true,
      "fps": {
        "mean": 303.5569274198744,
        "min": 303.5569274198742,
        "p95": 303.5569274198742
      },
      "frameTimes": {
        "mean": 3.2942750096321083,
        "p95": 3.2942750096321105,
        "p99": 3.2942750096321105
      },
      "stages": {
        "wavefield": 0.9882825028896324,
        "propagation": 1.3177100038528418,
        "viewSynthesis": 0.6588550019264209
      }
    },
    {
      "quality": "high",
      "passed": true,
      "fps": {
        "mean": 267.4852894763457,
        "min": 267.48528947634577,
        "p95": 267.48528947634577
      },
      "frameTimes": {
        "mean": 3.738523348172506,
        "p95": 3.7385233481725053,
        "p99": 3.7385233481725053
      },
      "stages": {
        "wavefield": 1.1215570044517489,
        "propagation": 1.4954093392690024,
        "viewSynthesis": 0.7477046696345012
      }
    },
    {
      "quality": "ultra",
      "passed": true,
      "fps": {
        "mean": 109.26374387647668,
        "min": 109.26374387647674,
        "p95": 109.26374387647674
      },
      "frameTimes": {
        "mean": 9.152166716257737,
        "p95": 9.152166716257732,
        "p99": 9.152166716257732
      },
      "stages": {
        "wavefield": 2.7456500148773206,
        "propagation": 3.660866686503088,
        "viewSynthesis": 1.830433343251544
      }
    }
  ]
}