{
  "before": {
    "mass": 0.9999999999994409,
    "energy": 0.1372502792424142,
    "coherence": 0.3330309017973319
  },
  "after": {
    "mass": 1.0000000000000002,
    "energy": 0.13725027924249086,
    "coherence": 0.2974239071410366
  },
  "drift": {
    "mass": 5.593303598061539e-13,
    "energy": 7.666089985036706e-14,
    "coherence": -0.0356069946562953
  }
}