{
  "stamp": "20250821_175714",
  "seconds": 120.0,
  "dt": 0.0005,
  "method": "auto",
  "curvature_every": 200,
  "phase_gain": 0.15,
  "kcrit": 6.0,
  "prefer": "kretschmann",
  "potential_scale": 0.0,
  "secs": 14.41373062133789,
  "before": {
    "mass": 0.9999999999994731,
    "energy": 0.13105565489428445,
    "coherence": 0.38610854477576656
  },
  "after": {
    "mass": 1.0000000000000002,
    "energy": 0.13414110365764992,
    "coherence": 0.40163609182099536
  },
  "drift": {
    "mass": 5.271338920920243e-13,
    "energy": 0.0030854487633654726,
    "coherence": 0.015527547045228796
  },
  "snapshot": "D:\\\\Dev\\\\kha\\\\artifacts\\fsm_2min_20250821_175714_ce200_pg0.15.npz"
}