{
  "n": 10,
  "steps": 50000,
  "dt": 0.0005,
  "method": "auto",
  "t_sec": 4.013718128204346,
  "before": {
    "mass": 0.9999999999994476,
    "energy": 0.1466107977645002,
    "coherence": 0.13809408609729226
  },
  "after": {
    "mass": 1.0000000000000002,
    "energy": 0.14661079776458083,
    "coherence": 0.13280422872647438
  },
  "drift": {
    "mass": 5.526690216584029e-13,
    "energy": 8.0629947163402e-14,
    "coherence": -0.005289857370817885
  }
}