{
  "n": 10,
  "steps": 10000,
  "dt": 0.0005,
  "method": "auto",
  "t_sec": 0.933354377746582,
  "before": {
    "mass": 0.9999999999994476,
    "energy": 0.1466107977645002,
    "coherence": 0.13809408609729226
  },
  "after": {
    "mass": 1.0000000000000002,
    "energy": 0.14661079776458105,
    "coherence": 0.11589323258192812
  },
  "drift": {
    "mass": 5.526690216584029e-13,
    "energy": 8.085199176832703e-14,
    "coherence": -0.022200853515364147
  }
}