{
  "stamp": "20250821_175658",
  "seconds": 120.0,
  "dt": 0.0005,
  "method": "auto",
  "curvature_every": 100,
  "phase_gain": 0.15,
  "kcrit": 6.0,
  "prefer": "kretschmann",
  "potential_scale": 0.0,
  "secs": 14.561927318572998,
  "before": {
    "mass": 0.9999999999994731,
    "energy": 0.13105565489428445,
    "coherence": 0.38610854477576656
  },
  "after": {
    "mass": 1.0,
    "energy": 0.15857662053323446,
    "coherence": 0.19016408957628128
  },
  "drift": {
    "mass": 5.269118474870993e-13,
    "energy": 0.027520965638950012,
    "coherence": -0.19594445519948528
  },
  "snapshot": "D:\\\\Dev\\\\kha\\\\artifacts\\fsm_2min_20250821_175658_ce100_pg0.15.npz"
}